asset_type,name,date,price
Cash,CNY,2025-07-29,0.13930
Cash,CNY,2025-07-28,0.13932
Cash,CNY,2025-07-25,0.13950
Cash,CNY,2025-07-24,0.13977
Cash,CNY,2025-07-23,0.13966
Cash,CNY,2025-07-22,0.13937
Cash,CNY,2025-07-21,0.13934
Cash,CNY,2025-07-18,0.13931
Cash,CNY,2025-07-17,0.13919
Cash,CNY,2025-07-16,0.13928
Cash,CNY,2025-07-15,0.13941
Cash,CNY,2025-07-14,0.13952
Cash,CNY,2025-07-11,0.13949
Cash,CNY,2025-07-10,0.13938
Cash,CNY,2025-07-09,0.13927
Cash,CNY,2025-07-08,0.13939
Cash,CNY,2025-07-07,0.13937
Cash,CNY,2025-07-04,0.13955
Cash,CNY,2025-07-03,0.13947
Cash,CNY,2025-07-02,0.13953
Cash,CNY,2025-07-01,0.13955
Cash,CNY,2025-06-30,0.13959
Cash,CNY,2025-06-27,0.13941
Cash,CNY,2025-06-26,0.13951
Cash,CNY,2025-06-25,0.13933
Cash,CNY,2025-06-24,0.13943
Cash,CNY,2025-06-23,0.13926
Cash,CNY,2025-06-20,0.13925
Cash,CNY,2025-06-19,0.13911
Cash,CNY,2025-06-18,0.13908
Cash,CNY,2025-06-17,0.13916
Cash,CNY,2025-06-16,0.13927
Cash,CNY,2025-06-13,0.13923
Cash,CNY,2025-06-12,0.13939
Cash,CNY,2025-06-11,0.13901
Cash,CNY,2025-06-10,0.13911
Cash,CNY,2025-06-09,0.13924
Cash,CNY,2025-06-06,0.13907
Cash,CNY,2025-06-05,0.13932
Cash,CNY,2025-06-04,0.13914
Cash,CNY,2025-06-03,0.13909
Cash,CNY,2025-06-02,0.13886
Cash,CNY,2025-05-30,0.13886
Cash,CNY,2025-05-29,0.13912
Cash,CNY,2025-05-28,0.13895
Cash,CNY,2025-05-27,0.13895
Cash,CNY,2025-05-26,0.13910
Cash,CNY,2025-05-23,0.13923
Cash,CNY,2025-05-22,0.13877
Cash,CNY,2025-05-21,0.13880
Cash,CNY,2025-05-20,0.13847
Cash,CNY,2025-05-19,0.13856
Cash,CNY,2025-05-16,0.13867
Cash,CNY,2025-05-15,0.13871
Cash,CNY,2025-05-14,0.13868
Cash,CNY,2025-05-13,0.13872
Cash,CNY,2025-05-12,0.13878
Cash,CNY,2025-05-09,0.13814
Cash,CNY,2025-05-08,0.13819
Cash,CNY,2025-05-07,0.13836
Cash,CNY,2025-05-06,0.13852
Cash,CNY,2025-05-05,0.13749
Cash,CNY,2025-05-02,0.13747
Cash,EUR,2025-07-29,1.15450
Cash,EUR,2025-07-28,1.15880
Cash,EUR,2025-07-25,1.17400
Cash,EUR,2025-07-24,1.17540
Cash,EUR,2025-07-23,1.17700
Cash,EUR,2025-07-22,1.17530
Cash,EUR,2025-07-21,1.16950
Cash,EUR,2025-07-18,1.16250
Cash,EUR,2025-07-17,1.15950
Cash,EUR,2025-07-16,1.16340
Cash,EUR,2025-07-15,1.15990
Cash,EUR,2025-07-14,1.16630
Cash,EUR,2025-07-11,1.16890
Cash,EUR,2025-07-10,1.17000
Cash,EUR,2025-07-09,1.17190
Cash,EUR,2025-07-08,1.17240
Cash,EUR,2025-07-07,1.17070
Cash,EUR,2025-07-04,1.17780
Cash,EUR,2025-07-03,1.17560
Cash,EUR,2025-07-02,1.17980
Cash,EUR,2025-07-01,1.18050
Cash,EUR,2025-06-30,1.17860
Cash,EUR,2025-06-27,1.17190
Cash,EUR,2025-06-26,1.16990
Cash,EUR,2025-06-25,1.16590
Cash,EUR,2025-06-24,1.16080
Cash,EUR,2025-06-23,1.15760
Cash,EUR,2025-06-20,1.15220
Cash,EUR,2025-06-19,1.14940
Cash,EUR,2025-06-18,1.14790
Cash,EUR,2025-06-17,1.14790
Cash,EUR,2025-06-16,1.15610
Cash,EUR,2025-06-13,1.15520
Cash,EUR,2025-06-12,1.15830
Cash,EUR,2025-06-11,1.14870
Cash,EUR,2025-06-10,1.14230
Cash,EUR,2025-06-09,1.14200
Cash,EUR,2025-06-06,1.13940
Cash,EUR,2025-06-05,1.14416
Cash,EUR,2025-06-04,1.14157
Cash,EUR,2025-06-03,1.13750
Cash,EUR,2025-06-02,1.14377
Cash,EUR,2025-05-30,1.13450
Cash,EUR,2025-05-29,1.13690
Cash,EUR,2025-05-28,1.12925
Cash,EUR,2025-05-27,1.13304
Cash,EUR,2025-05-26,1.13848
Cash,EUR,2025-05-23,1.13606
Cash,EUR,2025-05-22,1.12791
Cash,EUR,2025-05-21,1.13281
Cash,EUR,2025-05-20,1.12822
Cash,EUR,2025-05-19,1.12431
Cash,EUR,2025-05-16,1.11640
Cash,EUR,2025-05-15,1.11872
Cash,EUR,2025-05-14,1.11749
Cash,EUR,2025-05-13,1.11856
Cash,EUR,2025-05-12,1.10880
Cash,EUR,2025-05-09,1.12460
Cash,EUR,2025-05-08,1.12261
Cash,EUR,2025-05-07,1.13106
Cash,EUR,2025-05-06,1.13715
Cash,EUR,2025-05-05,1.13143
Cash,EUR,2025-05-02,1.12952
Cash,GBP,2025-07-29,1.33480
Cash,GBP,2025-07-28,1.33550
Cash,GBP,2025-07-25,1.34340
Cash,GBP,2025-07-24,1.35090
Cash,GBP,2025-07-23,1.35800
Cash,GBP,2025-07-22,1.35280
Cash,GBP,2025-07-21,1.34880
Cash,GBP,2025-07-18,1.34040
Cash,GBP,2025-07-17,1.34150
Cash,GBP,2025-07-16,1.34210
Cash,GBP,2025-07-15,1.33790
Cash,GBP,2025-07-14,1.34270
Cash,GBP,2025-07-11,1.34990
Cash,GBP,2025-07-10,1.35730
Cash,GBP,2025-07-09,1.35860
Cash,GBP,2025-07-08,1.35850
Cash,GBP,2025-07-07,1.35990
Cash,GBP,2025-07-04,1.36520
Cash,GBP,2025-07-03,1.36520
Cash,GBP,2025-07-02,1.36360
Cash,GBP,2025-07-01,1.37450
Cash,GBP,2025-06-30,1.37330
Cash,GBP,2025-06-27,1.37140
Cash,GBP,2025-06-26,1.37270
Cash,GBP,2025-06-25,1.36630
Cash,GBP,2025-06-24,1.36140
Cash,GBP,2025-06-23,1.35220
Cash,GBP,2025-06-20,1.34490
Cash,GBP,2025-06-19,1.34660
Cash,GBP,2025-06-18,1.34180
Cash,GBP,2025-06-17,1.34240
Cash,GBP,2025-06-16,1.35740
Cash,GBP,2025-06-13,1.35640
Cash,GBP,2025-06-12,1.36090
Cash,GBP,2025-06-11,1.35440
Cash,GBP,2025-06-10,1.34940
Cash,GBP,2025-06-09,1.35470
Cash,GBP,2025-06-06,1.35210
Cash,GBP,2025-06-05,1.35748
Cash,GBP,2025-06-04,1.35456
Cash,GBP,2025-06-03,1.35144
Cash,GBP,2025-06-02,1.35391
Cash,GBP,2025-05-30,1.34513
Cash,GBP,2025-05-29,1.34902
Cash,GBP,2025-05-28,1.34660
Cash,GBP,2025-05-27,1.35095
Cash,GBP,2025-05-26,1.35615
Cash,GBP,2025-05-23,1.35344
Cash,GBP,2025-05-22,1.34176
Cash,GBP,2025-05-21,1.34158
Cash,GBP,2025-05-20,1.33849
Cash,GBP,2025-05-19,1.33614
Cash,GBP,2025-05-16,1.32773
Cash,GBP,2025-05-15,1.32998
Cash,GBP,2025-05-14,1.32578
Cash,GBP,2025-05-13,1.33047
Cash,GBP,2025-05-12,1.31697
Cash,GBP,2025-05-09,1.32976
Cash,GBP,2025-05-08,1.32471
Cash,GBP,2025-05-07,1.32930
Cash,GBP,2025-05-06,1.33712
Cash,GBP,2025-05-05,1.32885
Cash,GBP,2025-05-02,1.32641
Cash,JPY,2025-07-29,0.00674
Cash,JPY,2025-07-28,0.00673
Cash,JPY,2025-07-25,0.00677
Cash,JPY,2025-07-24,0.00680
Cash,JPY,2025-07-23,0.00683
Cash,JPY,2025-07-22,0.00682
Cash,JPY,2025-07-21,0.00679
Cash,JPY,2025-07-18,0.00672
Cash,JPY,2025-07-17,0.00673
Cash,JPY,2025-07-16,0.00676
Cash,JPY,2025-07-15,0.00672
Cash,JPY,2025-07-14,0.00677
Cash,JPY,2025-07-11,0.00678
Cash,JPY,2025-07-10,0.00684
Cash,JPY,2025-07-09,0.00683
Cash,JPY,2025-07-08,0.00682
Cash,JPY,2025-07-07,0.00685
Cash,JPY,2025-07-04,0.00692
Cash,JPY,2025-07-03,0.00690
Cash,JPY,2025-07-02,0.00696
Cash,JPY,2025-07-01,0.00697
Cash,JPY,2025-06-30,0.00694
Cash,JPY,2025-06-27,0.00691
Cash,JPY,2025-06-26,0.00693
Cash,JPY,2025-06-25,0.00688
Cash,JPY,2025-06-24,0.00690
Cash,JPY,2025-06-23,0.00684
Cash,JPY,2025-06-20,0.00685
Cash,JPY,2025-06-19,0.00688
Cash,JPY,2025-06-18,0.00689
Cash,JPY,2025-06-17,0.00688
Cash,JPY,2025-06-16,0.00691
Cash,JPY,2025-06-13,0.00694
Cash,JPY,2025-06-12,0.00697
Cash,JPY,2025-06-11,0.00692
Cash,JPY,2025-06-10,0.00690
Cash,JPY,2025-06-09,0.00692
Cash,JPY,2025-06-06,0.00690
Cash,JPY,2025-06-05,0.00697
Cash,JPY,2025-06-04,0.00701
Cash,JPY,2025-06-03,0.00695
Cash,JPY,2025-06-02,0.00701
Cash,JPY,2025-06-01,0.00695
Cash,JPY,2025-05-30,0.00694
Cash,JPY,2025-05-29,0.00694
Cash,JPY,2025-05-28,0.00691
Cash,JPY,2025-05-27,0.00693
Cash,JPY,2025-05-26,0.00701
Cash,JPY,2025-05-25,0.00702
Cash,JPY,2025-05-24,0.00702
Cash,JPY,2025-05-23,0.00702
Cash,JPY,2025-05-22,0.00694
Cash,JPY,2025-05-21,0.00696
Cash,JPY,2025-05-20,0.00692
Cash,JPY,2025-05-19,0.00690
Cash,JPY,2025-05-18,0.00688
Cash,JPY,2025-05-16,0.00687
Cash,JPY,2025-05-15,0.00687
Cash,JPY,2025-05-14,0.00682
Cash,JPY,2025-05-13,0.00678
Cash,JPY,2025-05-12,0.00674
Cash,JPY,2025-05-11,0.00684
Cash,JPY,2025-05-09,0.00688
Cash,JPY,2025-05-08,0.00685
Cash,JPY,2025-05-07,0.00696
Cash,JPY,2025-05-06,0.00702
Cash,JPY,2025-05-05,0.00696
Cash,JPY,2025-05-04,0.00690
Cash,JPY,2025-05-02,0.00690
Crypto,Bitcoin,2025-07-30,117853.30892863822
Crypto,Bitcoin,2025-07-30,118289.68219542848
Crypto,Bitcoin,2025-07-29,118003.30201607826
Crypto,Bitcoin,2025-07-28,119418.91405141471
Crypto,Bitcoin,2025-07-27,117959.54234360624
Crypto,Bitcoin,2025-07-26,117540.80837085741
Crypto,Bitcoin,2025-07-25,118354.43517438594
Crypto,Bitcoin,2025-07-24,118629.05588130427
Crypto,Bitcoin,2025-07-23,119955.79570607653
Crypto,Bitcoin,2025-07-22,117482.46977767294
Crypto,Bitcoin,2025-07-21,117256.9208222684
Crypto,Bitcoin,2025-07-20,117901.62655900871
Crypto,Bitcoin,2025-07-19,117988.94664455787
Crypto,Bitcoin,2025-07-18,119445.36520434043
Crypto,Bitcoin,2025-07-17,118748.1627367753
Crypto,Bitcoin,2025-07-16,117678.19493404306
Crypto,Bitcoin,2025-07-15,119833.67446712355
Crypto,Bitcoin,2025-07-14,119117.55666327637
Crypto,Bitcoin,2025-07-13,117418.95745007684
Crypto,Bitcoin,2025-07-12,117571.02510036016
Crypto,Bitcoin,2025-07-11,115879.65030112496
Crypto,Bitcoin,2025-07-10,111327.53054245669
Crypto,Bitcoin,2025-07-09,108953.19187727802
Crypto,Bitcoin,2025-07-08,108300.71675785031
Crypto,Bitcoin,2025-07-07,109215.19771840284
Crypto,Bitcoin,2025-07-06,108217.46849992426
Crypto,Bitcoin,2025-07-05,108040.8919400104
Crypto,Bitcoin,2025-07-04,109602.20483914016
Crypto,Bitcoin,2025-07-03,108824.44423167943
Crypto,Bitcoin,2025-07-02,105613.39974163055
Crypto,Bitcoin,2025-07-01,107132.79910701896
Crypto,Bitcoin,2025-06-30,108396.61631317894
Crypto,Bitcoin,2025-06-29,107331.58548463577
Crypto,Bitcoin,2025-06-28,107078.91560644074
Crypto,Bitcoin,2025-06-27,106984.01253775663
Crypto,Bitcoin,2025-06-26,107238.53045016268
Crypto,Bitcoin,2025-06-25,105976.06929808448
Crypto,Bitcoin,2025-06-24,105511.62437933135
Crypto,Bitcoin,2025-06-23,100852.58264648831
Crypto,Bitcoin,2025-06-22,101532.5683847329
Crypto,Bitcoin,2025-06-21,103290.105144757
Crypto,Bitcoin,2025-06-20,104690.65002458123
Crypto,Bitcoin,2025-06-19,104722.695052907
Crypto,Bitcoin,2025-06-18,104683.42479835715
Crypto,Bitcoin,2025-06-17,106951.2720181497
Crypto,Bitcoin,2025-06-16,105554.49383061715
Crypto,Bitcoin,2025-06-15,105482.90611628917
Crypto,Bitcoin,2025-06-14,106045.56440819203
Crypto,Bitcoin,2025-06-13,105979.22902375912
Crypto,Bitcoin,2025-06-12,108679.9760916168
Crypto,Bitcoin,2025-06-11,110212.73252109604
Crypto,Bitcoin,2025-06-10,110261.57485948496
Crypto,Bitcoin,2025-06-09,105692.24740699006
Crypto,Bitcoin,2025-06-08,105681.4546141758
Crypto,Bitcoin,2025-06-07,104409.74967959142
Crypto,Bitcoin,2025-06-06,101650.7387545425
Crypto,Bitcoin,2025-06-05,104812.9182188067
Crypto,Bitcoin,2025-06-04,105434.47745144971
Crypto,Bitcoin,2025-06-03,105884.74263221149
Crypto,Bitcoin,2025-06-02,105710.00593822816
Crypto,Bitcoin,2025-06-01,104687.50742934884
Crypto,Bitcoin,2025-05-31,104010.91956242644
Crypto,Bitcoin,2025-05-30,105745.41660358038
Crypto,Bitcoin,2025-05-29,107838.18431100152
Crypto,Bitcoin,2025-05-28,109068.45694901445
Crypto,Bitcoin,2025-05-27,109377.71513263129
Crypto,Bitcoin,2025-05-26,108861.81037744327
Crypto,Bitcoin,2025-05-25,107831.36374380375
Crypto,Bitcoin,2025-05-24,107216.66856870624
Crypto,Bitcoin,2025-05-23,111560.356938144
Crypto,Bitcoin,2025-05-22,109665.86371625263
Crypto,Bitcoin,2025-05-21,106786.71995834043
Crypto,Bitcoin,2025-05-20,105629.41580436694
Crypto,Bitcoin,2025-05-19,106030.6376831359
Crypto,Bitcoin,2025-05-18,103212.36483885496
Crypto,Bitcoin,2025-05-17,103556.03493982446
Crypto,Bitcoin,2025-05-16,103708.85136423641
Crypto,Bitcoin,2025-05-15,103594.42575090709
Crypto,Bitcoin,2025-05-14,104184.49039270742
Crypto,Bitcoin,2025-05-13,102876.8304286011
Crypto,Bitcoin,2025-05-12,103994.061616746
Crypto,Bitcoin,2025-05-11,104630.8792994166
Crypto,Bitcoin,2025-05-10,102962.54045692299
Crypto,Bitcoin,2025-05-09,103076.27555512934
Crypto,Bitcoin,2025-05-08,97026.49376966801
Crypto,Bitcoin,2025-05-07,96854.53198815876
Crypto,Bitcoin,2025-05-06,94758.8237105546
Crypto,Bitcoin,2025-05-05,94326.62048529249
Crypto,Bitcoin,2025-05-04,95922.86842404422
Crypto,Bitcoin,2025-05-03,96855.5681343944
Crypto,Bitcoin,2025-05-02,96426.94522273027
Crypto,Dogecoin,2025-07-30,0.22343167438710165
Crypto,Dogecoin,2025-07-30,0.22379150731841274
Crypto,Dogecoin,2025-07-29,0.2251397569003692
Crypto,Dogecoin,2025-07-28,0.24051648808122306
Crypto,Dogecoin,2025-07-27,0.23580457484737566
Crypto,Dogecoin,2025-07-26,0.23648246833968434
Crypto,Dogecoin,2025-07-25,0.23175612511358704
Crypto,Dogecoin,2025-07-24,0.24065455241490835
Crypto,Dogecoin,2025-07-23,0.26965305868671147
Crypto,Dogecoin,2025-07-22,0.2712676656637909
Crypto,Dogecoin,2025-07-21,0.27294634200835066
Crypto,Dogecoin,2025-07-20,0.24136273371397565
Crypto,Dogecoin,2025-07-19,0.23623310474250733
Crypto,Dogecoin,2025-07-18,0.21904854482534883
Crypto,Dogecoin,2025-07-17,0.21317019869379383
Crypto,Dogecoin,2025-07-16,0.1988073865760867
Crypto,Dogecoin,2025-07-15,0.19720159565229248
Crypto,Dogecoin,2025-07-14,0.1981830429850487
Crypto,Dogecoin,2025-07-13,0.1969316863516775
Crypto,Dogecoin,2025-07-12,0.20104732473533218
Crypto,Dogecoin,2025-07-11,0.19393383510790288
Crypto,Dogecoin,2025-07-10,0.18082547920631353
Crypto,Dogecoin,2025-07-09,0.17098496244236958
Crypto,Dogecoin,2025-07-08,0.16786356600618882
Crypto,Dogecoin,2025-07-07,0.1718463077672067
Crypto,Dogecoin,2025-07-06,0.16431433970640547
Crypto,Dogecoin,2025-07-05,0.1628779247346829
Crypto,Dogecoin,2025-07-04,0.17197045822677628
Crypto,Dogecoin,2025-07-03,0.16892581001355808
Crypto,Dogecoin,2025-07-02,0.1575952425941886
Crypto,Dogecoin,2025-07-01,0.16513647959219713
Crypto,Dogecoin,2025-06-30,0.16954760970067637
Crypto,Dogecoin,2025-06-29,0.1637313288044104
Crypto,Dogecoin,2025-06-28,0.1610085986478116
Crypto,Dogecoin,2025-06-27,0.1600423291811019
Crypto,Dogecoin,2025-06-26,0.16448390661542975
Crypto,Dogecoin,2025-06-25,0.16561516104968574
Crypto,Dogecoin,2025-06-24,0.16447256694307244
Crypto,Dogecoin,2025-06-23,0.15114781788974174
Crypto,Dogecoin,2025-06-22,0.15308002215118727
Crypto,Dogecoin,2025-06-21,0.16233193333616464
Crypto,Dogecoin,2025-06-20,0.17092098070802442
Crypto,Dogecoin,2025-06-19,0.17037971945944577
Crypto,Dogecoin,2025-06-18,0.16993733949907552
Crypto,Dogecoin,2025-06-17,0.17378599934566444
Crypto,Dogecoin,2025-06-16,0.17577906724677725
Crypto,Dogecoin,2025-06-15,0.1784162711217158
Crypto,Dogecoin,2025-06-14,0.18013678747049802
Crypto,Dogecoin,2025-06-13,0.18169744621506415
Crypto,Dogecoin,2025-06-12,0.1930335430982705
Crypto,Dogecoin,2025-06-11,0.19785971093017923
Crypto,Dogecoin,2025-06-10,0.19481978852801837
Crypto,Dogecoin,2025-06-09,0.18422270395966683
Crypto,Dogecoin,2025-06-08,0.18501664041068297
Crypto,Dogecoin,2025-06-07,0.1793030276082122
Crypto,Dogecoin,2025-06-06,0.1718712124430595
Crypto,Dogecoin,2025-06-05,0.18839829903335972
Crypto,Dogecoin,2025-06-04,0.1932015824493309
Crypto,Dogecoin,2025-06-03,0.19561462907109173
Crypto,Dogecoin,2025-06-02,0.19396166511401375
Crypto,Dogecoin,2025-06-01,0.19295707336811818
Crypto,Dogecoin,2025-05-31,0.19293898362115516
Crypto,Dogecoin,2025-05-30,0.21583653318215457
Crypto,Dogecoin,2025-05-29,0.22106443772687143
Crypto,Dogecoin,2025-05-28,0.22613701089072946
Crypto,Dogecoin,2025-05-27,0.2257235127127771
Crypto,Dogecoin,2025-05-26,0.22410051858731672
Crypto,Dogecoin,2025-05-25,0.22526605771065214
Crypto,Dogecoin,2025-05-24,0.2256050681389216
Crypto,Dogecoin,2025-05-23,0.24486878935117973
Crypto,Dogecoin,2025-05-22,0.2341442300716922
Crypto,Dogecoin,2025-05-21,0.2262524320952927
Crypto,Dogecoin,2025-05-20,0.22450514333500976
Crypto,Dogecoin,2025-05-19,0.23064675587556407
Crypto,Dogecoin,2025-05-18,0.21488311590610068
Crypto,Dogecoin,2025-05-17,0.2225780495761936
Crypto,Dogecoin,2025-05-16,0.2188193912978982
Crypto,Dogecoin,2025-05-15,0.2326880678038404
Crypto,Dogecoin,2025-05-14,0.24063615504965347
Crypto,Dogecoin,2025-05-13,0.23141813764156494
Crypto,Dogecoin,2025-05-12,0.23156210463126953
Crypto,Dogecoin,2025-05-11,0.24808618010965436
Crypto,Dogecoin,2025-05-10,0.20518315482145336
Crypto,Dogecoin,2025-05-09,0.19718642657948848
Crypto,Dogecoin,2025-05-08,0.17211562672825226
Crypto,Dogecoin,2025-05-07,0.17232477779627986
Crypto,Dogecoin,2025-05-06,0.17065490621117071
Crypto,Dogecoin,2025-05-05,0.17071232656977398
Crypto,Dogecoin,2025-05-04,0.17576785161701966
Crypto,Dogecoin,2025-05-03,0.181388087156242
Crypto,Dogecoin,2025-05-02,0.18070374109047424
Crypto,Ethereum,2025-07-30,3788.5983716058226
Crypto,Ethereum,2025-07-30,3827.222304293301
Crypto,Ethereum,2025-07-29,3786.303845995956
Crypto,Ethereum,2025-07-28,3864.1248374654765
Crypto,Ethereum,2025-07-27,3742.4314258659915
Crypto,Ethereum,2025-07-26,3723.0529092785596
Crypto,Ethereum,2025-07-25,3708.4299352383423
Crypto,Ethereum,2025-07-24,3630.053531480921
Crypto,Ethereum,2025-07-23,3746.9406687316323
Crypto,Ethereum,2025-07-22,3765.453624023574
Crypto,Ethereum,2025-07-21,3758.605581813957
Crypto,Ethereum,2025-07-20,3594.3185010809702
Crypto,Ethereum,2025-07-19,3547.317079001209
Crypto,Ethereum,2025-07-18,3481.8828152374017
Crypto,Ethereum,2025-07-17,3368.126521526108
Crypto,Ethereum,2025-07-16,3133.069857747011
Crypto,Ethereum,2025-07-15,3012.1797069059276
Crypto,Ethereum,2025-07-14,2974.2654952333387
Crypto,Ethereum,2025-07-13,2942.9616055388096
Crypto,Ethereum,2025-07-12,2958.8514450990992
Crypto,Ethereum,2025-07-11,2948.4462027029053
Crypto,Ethereum,2025-07-10,2772.5795626609174
Crypto,Ethereum,2025-07-09,2615.7759888945047
Crypto,Ethereum,2025-07-08,2543.6317028067488
Crypto,Ethereum,2025-07-07,2571.358192115984
Crypto,Ethereum,2025-07-06,2517.37917835065
Crypto,Ethereum,2025-07-05,2509.236345783362
Crypto,Ethereum,2025-07-04,2590.132231590221
Crypto,Ethereum,2025-07-03,2574.067718495133
Crypto,Ethereum,2025-07-02,2405.1045592800183
Crypto,Ethereum,2025-07-01,2488.190781689803
Crypto,Ethereum,2025-06-30,2502.6672721177083
Crypto,Ethereum,2025-06-29,2437.133001780241
Crypto,Ethereum,2025-06-28,2423.0302896731746
Crypto,Ethereum,2025-06-27,2415.031864876594
Crypto,Ethereum,2025-06-26,2417.2267855277296
Crypto,Ethereum,2025-06-25,2446.539301545049
Crypto,Ethereum,2025-06-24,2423.899644268608
Crypto,Ethereum,2025-06-23,2227.4287266371684
Crypto,Ethereum,2025-06-22,2270.581996055585
Crypto,Ethereum,2025-06-21,2405.695434213183
Crypto,Ethereum,2025-06-20,2522.1791903642184
Crypto,Ethereum,2025-06-19,2521.3334233964915
Crypto,Ethereum,2025-06-18,2514.986700576147
Crypto,Ethereum,2025-06-17,2561.329843569428
Crypto,Ethereum,2025-06-16,2547.8456040920437
Crypto,Ethereum,2025-06-15,2534.0702195359518
Crypto,Ethereum,2025-06-14,2577.04861752583
Crypto,Ethereum,2025-06-13,2653.158968452672
Crypto,Ethereum,2025-06-12,2776.1371915822333
Crypto,Ethereum,2025-06-11,2808.503208314919
Crypto,Ethereum,2025-06-10,2685.0001850413178
Crypto,Ethereum,2025-06-09,2508.784123584585
Crypto,Ethereum,2025-06-08,2526.291995889778
Crypto,Ethereum,2025-06-07,2481.4039836690267
Crypto,Ethereum,2025-06-06,2421.601103763502
Crypto,Ethereum,2025-06-05,2610.343189828259
Crypto,Ethereum,2025-06-04,2595.4689570062997
Crypto,Ethereum,2025-06-03,2609.737253959435
Crypto,Ethereum,2025-06-02,2538.3300584367485
Crypto,Ethereum,2025-06-01,2532.3627853090866
Crypto,Ethereum,2025-05-31,2524.4762348050726
Crypto,Ethereum,2025-05-30,2633.1392065286695
Crypto,Ethereum,2025-05-29,2676.2674124507
Crypto,Ethereum,2025-05-28,2662.0940568241435
Crypto,Ethereum,2025-05-27,2562.1729286392238
Crypto,Ethereum,2025-05-26,2546.6201163370915
Crypto,Ethereum,2025-05-25,2529.4429842284353
Crypto,Ethereum,2025-05-24,2519.813809045145
Crypto,Ethereum,2025-05-23,2657.1674447566115
Crypto,Ethereum,2025-05-22,2558.9502343769486
Crypto,Ethereum,2025-05-21,2524.2743433146065
Crypto,Ethereum,2025-05-20,2526.989643891319
Crypto,Ethereum,2025-05-19,2465.3409856139087
Crypto,Ethereum,2025-05-18,2475.0543933696913
Crypto,Ethereum,2025-05-17,2544.3870377235667
Crypto,Ethereum,2025-05-16,2542.296692466797
Crypto,Ethereum,2025-05-15,2603.7180887199615
Crypto,Ethereum,2025-05-14,2676.639163127913
Crypto,Ethereum,2025-05-13,2492.426391077375
Crypto,Ethereum,2025-05-12,2507.4693107597423
Crypto,Ethereum,2025-05-11,2583.6829051429513
Crypto,Ethereum,2025-05-10,2341.407963002621
Crypto,Ethereum,2025-05-09,2197.5611893238784
Crypto,Ethereum,2025-05-08,1810.3169269284476
Crypto,Ethereum,2025-05-07,1816.1686943818438
Crypto,Ethereum,2025-05-06,1820.0044598893596
Crypto,Ethereum,2025-05-05,1808.156093844096
Crypto,Ethereum,2025-05-04,1834.501911876416
Crypto,Ethereum,2025-05-03,1841.427590836958
Crypto,Ethereum,2025-05-02,1838.8543285925753
Crypto,Ripple,2025-07-30,3.1280707477497427
Crypto,Ripple,2025-07-30,3.1387479230652438
Crypto,Ripple,2025-07-29,3.1234939366799126
Crypto,Ripple,2025-07-28,3.232752992185551
Crypto,Ripple,2025-07-27,3.167241692335099
Crypto,Ripple,2025-07-26,3.1383147630505817
Crypto,Ripple,2025-07-25,3.1443151661109243
Crypto,Ripple,2025-07-24,3.1784172529582473
Crypto,Ripple,2025-07-23,3.5512409390828505
Crypto,Ripple,2025-07-22,3.55629271011838
Crypto,Ripple,2025-07-21,3.455651421168503
Crypto,Ripple,2025-07-20,3.43091157808989
Crypto,Ripple,2025-07-19,3.417044710420229
Crypto,Ripple,2025-07-18,3.494535310837583
Crypto,Ripple,2025-07-17,3.0408154279719146
Crypto,Ripple,2025-07-16,2.917723690315136
Crypto,Ripple,2025-07-15,2.954285567242737
Crypto,Ripple,2025-07-14,2.836943449825265
Crypto,Ripple,2025-07-13,2.7403085663356155
Crypto,Ripple,2025-07-12,2.735777793849028
Crypto,Ripple,2025-07-11,2.5456780481070833
Crypto,Ripple,2025-07-10,2.405267395272407
Crypto,Ripple,2025-07-09,2.3106154308712163
Crypto,Ripple,2025-07-08,2.275084085302051
Crypto,Ripple,2025-07-07,2.2711234551626793
Crypto,Ripple,2025-07-06,2.2177115630108464
Crypto,Ripple,2025-07-05,2.220660517934634
Crypto,Ripple,2025-07-04,2.2565985381225446
Crypto,Ripple,2025-07-03,2.234339504341481
Crypto,Ripple,2025-07-02,2.171453605552325
Crypto,Ripple,2025-07-01,2.2397868943055363
Crypto,Ripple,2025-06-30,2.2080779439640237
Crypto,Ripple,2025-06-29,2.185743305637095
Crypto,Ripple,2025-06-28,2.140945561649059
Crypto,Ripple,2025-06-27,2.105597069865388
Crypto,Ripple,2025-06-26,2.1839169388853152
Crypto,Ripple,2025-06-25,2.1890368617248566
Crypto,Ripple,2025-06-24,2.1640075102022664
Crypto,Ripple,2025-06-23,2.013512764553698
Crypto,Ripple,2025-06-22,2.044379922195215
Crypto,Ripple,2025-06-21,2.1201128146436803
Crypto,Ripple,2025-06-20,2.166239439916603
Crypto,Ripple,2025-06-19,2.1686830671349613
Crypto,Ripple,2025-06-18,2.1632317759396993
Crypto,Ripple,2025-06-17,2.255537416572947
Crypto,Ripple,2025-06-16,2.166318490313782
Crypto,Ripple,2025-06-15,2.141891800480294
Crypto,Ripple,2025-06-14,2.148866270593598
Crypto,Ripple,2025-06-13,2.1954298391805
Crypto,Ripple,2025-06-12,2.2701428874939213
Crypto,Ripple,2025-06-11,2.305016386019404
Crypto,Ripple,2025-06-10,2.321075765224377
Crypto,Ripple,2025-06-09,2.2629632981656744
Crypto,Ripple,2025-06-08,2.1779065492597427
Crypto,Ripple,2025-06-07,2.163852346114403
Crypto,Ripple,2025-06-06,2.0970164299223453
Crypto,Ripple,2025-06-05,2.202322198067478
Crypto,Ripple,2025-06-04,2.2486280245071963
Crypto,Ripple,2025-06-03,2.2004265864927537
Crypto,Ripple,2025-06-02,2.1802830722675224
Crypto,Ripple,2025-06-01,2.177000081626197
Crypto,Ripple,2025-05-31,2.1423194738068942
Crypto,Ripple,2025-05-30,2.2505538163676135
Crypto,Ripple,2025-05-29,2.2746048552552507
Crypto,Ripple,2025-05-28,2.3186677687774426
Crypto,Ripple,2025-05-27,2.3082922649115565
Crypto,Ripple,2025-05-26,2.3405861862412927
Crypto,Ripple,2025-05-25,2.3319094660057416
Crypto,Ripple,2025-05-24,2.2991928362328755
Crypto,Ripple,2025-05-23,2.4284164339274192
Crypto,Ripple,2025-05-22,2.4028996266349396
Crypto,Ripple,2025-05-21,2.356578233921423
Crypto,Ripple,2025-05-20,2.3808727609208282
Crypto,Ripple,2025-05-19,2.4178990437197814
Crypto,Ripple,2025-05-18,2.352615765613394
Crypto,Ripple,2025-05-17,2.387491166631724
Crypto,Ripple,2025-05-16,2.3780203600308965
Crypto,Ripple,2025-05-15,2.552660064054796
Crypto,Ripple,2025-05-14,2.5882656119238727
Crypto,Ripple,2025-05-13,2.5407166812994824
Crypto,Ripple,2025-05-12,2.3665185406774456
Crypto,Ripple,2025-05-11,2.465515991652043
Crypto,Ripple,2025-05-10,2.34260418658349
Crypto,Ripple,2025-05-09,2.318857034757937
Crypto,Ripple,2025-05-08,2.1289110212370352
Crypto,Ripple,2025-05-07,2.1553467775958843
Crypto,Ripple,2025-05-06,2.1371617409153263
Crypto,Ripple,2025-05-05,2.1580623583353407
Crypto,Ripple,2025-05-04,2.188707355411367
Crypto,Ripple,2025-05-03,2.2089170454344824
Crypto,Ripple,2025-05-02,2.2143085222346612
Fund,GLD,2025-07-29,306.25
Fund,GLD,2025-07-28,305.41
Fund,GLD,2025-07-25,307.4
Fund,GLD,2025-07-24,310.27
Fund,GLD,2025-07-23,312.18
Fund,GLD,2025-07-22,316.1
Fund,GLD,2025-07-21,313.13
Fund,GLD,2025-07-18,308.39
Fund,GLD,2025-07-17,307.59
Fund,GLD,2025-07-16,308.26
Fund,GLD,2025-07-15,306.73
Fund,GLD,2025-07-14,308.01
Fund,GLD,2025-07-11,309.14
Fund,GLD,2025-07-10,306.2
Fund,GLD,2025-07-09,305.52
Fund,GLD,2025-07-08,304.16
Fund,GLD,2025-07-07,307.37
Fund,GLD,2025-07-03,307.14
Fund,GLD,2025-07-02,309.25
Fund,GLD,2025-07-01,307.55
Fund,GLD,2025-06-30,304.83
Fund,GLD,2025-06-27,301.22
Fund,GLD,2025-06-26,306.78
Fund,GLD,2025-06-25,307.12
Fund,GLD,2025-06-24,306.19
Fund,GLD,2025-06-23,311.08
Fund,GLD,2025-06-20,310.13
Fund,GLD,2025-06-18,310.26
Fund,GLD,2025-06-17,311.94
Fund,GLD,2025-06-16,311.78
Fund,GLD,2025-06-13,316.29
Fund,GLD,2025-06-12,312.2
Fund,GLD,2025-06-11,308.37
Fund,GLD,2025-06-10,306.71
Fund,GLD,2025-06-09,306.62
Fund,GLD,2025-06-06,305.18
Fund,GLD,2025-06-05,309.33
Fund,GLD,2025-06-04,310.9
Fund,GLD,2025-06-03,308.91
Fund,GLD,2025-06-02,311.67
Fund,GLD,2025-05-30,303.6
Fund,GLD,2025-05-29,305.61
Fund,GLD,2025-05-28,303.81
Fund,GLD,2025-05-27,304.5
Fund,GLD,2025-05-23,309.75
Fund,GLD,2025-05-22,303.11
Fund,GLD,2025-05-21,305.82
Fund,GLD,2025-05-20,303.58
Fund,GLD,2025-05-19,298.03
Fund,GLD,2025-05-16,294.24
Fund,GLD,2025-05-15,297.84
Fund,GLD,2025-05-14,293.16
Fund,GLD,2025-05-13,299.46
Fund,GLD,2025-05-12,298.19
Fund,GLD,2025-05-09,306.84
Fund,GLD,2025-05-08,304.63
Fund,GLD,2025-05-07,310.75
Fund,GLD,2025-05-06,315.48
Fund,GLD,2025-05-05,306.88
Fund,GLD,2025-05-02,297.98
Fund,QQQ,2025-07-29,567.26
Fund,QQQ,2025-07-28,568.14
Fund,QQQ,2025-07-25,566.37
Fund,QQQ,2025-07-24,565.01
Fund,QQQ,2025-07-23,563.81
Fund,QQQ,2025-07-22,561.25
Fund,QQQ,2025-07-21,564.17
Fund,QQQ,2025-07-18,561.26
Fund,QQQ,2025-07-17,561.8
Fund,QQQ,2025-07-16,557.29
Fund,QQQ,2025-07-15,556.72
Fund,QQQ,2025-07-14,556.21
Fund,QQQ,2025-07-11,554.2
Fund,QQQ,2025-07-10,555.45
Fund,QQQ,2025-07-09,556.25
Fund,QQQ,2025-07-08,552.34
Fund,QQQ,2025-07-07,552.03
Fund,QQQ,2025-07-03,556.22
Fund,QQQ,2025-07-02,550.8
Fund,QQQ,2025-07-01,546.99
Fund,QQQ,2025-06-30,551.64
Fund,QQQ,2025-06-27,548.09
Fund,QQQ,2025-06-26,546.22
Fund,QQQ,2025-06-25,541.16
Fund,QQQ,2025-06-24,539.78
Fund,QQQ,2025-06-23,531.65
Fund,QQQ,2025-06-20,526.83
Fund,QQQ,2025-06-18,528.99
Fund,QQQ,2025-06-17,529.08
Fund,QQQ,2025-06-16,534.29
Fund,QQQ,2025-06-13,526.96
Fund,QQQ,2025-06-12,533.66
Fund,QQQ,2025-06-11,532.41
Fund,QQQ,2025-06-10,534.21
Fund,QQQ,2025-06-09,530.7
Fund,QQQ,2025-06-06,529.92
Fund,QQQ,2025-06-05,524.79
Fund,QQQ,2025-06-04,528.77
Fund,QQQ,2025-06-03,527.3
Fund,QQQ,2025-06-02,523.21
Fund,QQQ,2025-05-30,519.11
Fund,QQQ,2025-05-29,519.93
Fund,QQQ,2025-05-28,518.91
Fund,QQQ,2025-05-27,521.22
Fund,QQQ,2025-05-23,509.24
Fund,QQQ,2025-05-22,514.0
Fund,QQQ,2025-05-21,513.04
Fund,QQQ,2025-05-20,520.27
Fund,QQQ,2025-05-19,522.01
Fund,QQQ,2025-05-16,521.51
Fund,QQQ,2025-05-15,519.25
Fund,QQQ,2025-05-14,518.68
Fund,QQQ,2025-05-13,515.59
Fund,QQQ,2025-05-12,507.85
Fund,QQQ,2025-05-09,487.97
Fund,QQQ,2025-05-08,488.29
Fund,QQQ,2025-05-07,483.3
Fund,QQQ,2025-05-06,481.41
Fund,QQQ,2025-05-05,485.93
Fund,QQQ,2025-05-02,488.83
Fund,SPY,2025-07-29,635.26
Fund,SPY,2025-07-28,636.94
Fund,SPY,2025-07-25,637.1
Fund,SPY,2025-07-24,634.42
Fund,SPY,2025-07-23,634.21
Fund,SPY,2025-07-22,628.86
Fund,SPY,2025-07-21,628.77
Fund,SPY,2025-07-18,627.58
Fund,SPY,2025-07-17,628.04
Fund,SPY,2025-07-16,624.22
Fund,SPY,2025-07-15,622.14
Fund,SPY,2025-07-14,624.81
Fund,SPY,2025-07-11,623.62
Fund,SPY,2025-07-10,625.82
Fund,SPY,2025-07-09,624.06
Fund,SPY,2025-07-08,620.34
Fund,SPY,2025-07-07,620.68
Fund,SPY,2025-07-03,625.34
Fund,SPY,2025-07-02,620.45
Fund,SPY,2025-07-01,617.65
Fund,SPY,2025-06-30,617.85
Fund,SPY,2025-06-27,614.91
Fund,SPY,2025-06-26,611.87
Fund,SPY,2025-06-25,607.12
Fund,SPY,2025-06-24,606.78
Fund,SPY,2025-06-23,600.15
Fund,SPY,2025-06-20,594.28
Fund,SPY,2025-06-18,597.44
Fund,SPY,2025-06-17,597.53
Fund,SPY,2025-06-16,602.68
Fund,SPY,2025-06-13,597.0
Fund,SPY,2025-06-12,603.75
Fund,SPY,2025-06-11,601.36
Fund,SPY,2025-06-10,603.08
Fund,SPY,2025-06-09,599.68
Fund,SPY,2025-06-06,599.14
Fund,SPY,2025-06-05,593.05
Fund,SPY,2025-06-04,595.93
Fund,SPY,2025-06-03,596.09
Fund,SPY,2025-06-02,592.71
Fund,SPY,2025-05-30,589.39
Fund,SPY,2025-05-29,590.05
Fund,SPY,2025-05-28,587.73
Fund,SPY,2025-05-27,591.15
Fund,SPY,2025-05-23,579.11
Fund,SPY,2025-05-22,583.09
Fund,SPY,2025-05-21,582.86
Fund,SPY,2025-05-20,592.85
Fund,SPY,2025-05-19,594.85
Fund,SPY,2025-05-16,594.2
Fund,SPY,2025-05-15,590.46
Fund,SPY,2025-05-14,587.59
Fund,SPY,2025-05-13,586.84
Fund,SPY,2025-05-12,582.99
Fund,SPY,2025-05-09,564.34
Fund,SPY,2025-05-08,565.06
Fund,SPY,2025-05-07,561.15
Fund,SPY,2025-05-06,558.8
Fund,SPY,2025-05-05,563.51
Fund,SPY,2025-05-02,566.76
Stock,GOOGL,2025-07-29,195.75
Stock,GOOGL,2025-07-28,192.58
Stock,GOOGL,2025-07-25,193.18
Stock,GOOGL,2025-07-24,192.17
Stock,GOOGL,2025-07-23,190.23
Stock,GOOGL,2025-07-22,191.34
Stock,GOOGL,2025-07-21,190.1
Stock,GOOGL,2025-07-18,185.06
Stock,GOOGL,2025-07-17,183.58
Stock,GOOGL,2025-07-16,182.97
Stock,GOOGL,2025-07-15,182.0
Stock,GOOGL,2025-07-14,181.56
Stock,GOOGL,2025-07-11,180.19
Stock,GOOGL,2025-07-10,177.62
Stock,GOOGL,2025-07-09,176.62
Stock,GOOGL,2025-07-08,174.36
Stock,GOOGL,2025-07-07,176.79
Stock,GOOGL,2025-07-03,179.53
Stock,GOOGL,2025-07-02,178.64
Stock,GOOGL,2025-07-01,175.84
Stock,GOOGL,2025-06-30,176.23
Stock,GOOGL,2025-06-27,178.53
Stock,GOOGL,2025-06-26,173.54
Stock,GOOGL,2025-06-25,170.68
Stock,GOOGL,2025-06-24,166.77
Stock,GOOGL,2025-06-23,165.19
Stock,GOOGL,2025-06-20,166.64
Stock,GOOGL,2025-06-18,173.32
Stock,GOOGL,2025-06-17,175.95
Stock,GOOGL,2025-06-16,176.77
Stock,GOOGL,2025-06-13,174.67
Stock,GOOGL,2025-06-12,175.7
Stock,GOOGL,2025-06-11,177.35
Stock,GOOGL,2025-06-10,178.6
Stock,GOOGL,2025-06-09,176.09
Stock,GOOGL,2025-06-06,173.68
Stock,GOOGL,2025-06-05,168.21
Stock,GOOGL,2025-06-04,168.05
Stock,GOOGL,2025-06-03,166.18
Stock,GOOGL,2025-06-02,169.03
Stock,GOOGL,2025-05-30,171.74
Stock,GOOGL,2025-05-29,171.86
Stock,GOOGL,2025-05-28,172.36
Stock,GOOGL,2025-05-27,172.9
Stock,GOOGL,2025-05-23,168.47
Stock,GOOGL,2025-05-22,170.87
Stock,GOOGL,2025-05-21,168.56
Stock,GOOGL,2025-05-20,163.98
Stock,GOOGL,2025-05-19,166.54
Stock,GOOGL,2025-05-16,166.19
Stock,GOOGL,2025-05-15,163.96
Stock,GOOGL,2025-05-14,165.37
Stock,GOOGL,2025-05-13,159.53
Stock,GOOGL,2025-05-12,158.46
Stock,GOOGL,2025-05-09,152.75
Stock,GOOGL,2025-05-08,154.28
Stock,GOOGL,2025-05-07,151.38
Stock,GOOGL,2025-05-06,163.23
Stock,GOOGL,2025-05-05,164.21
Stock,GOOGL,2025-05-02,164.03
Stock,HSBC,2025-07-29,65.06
Stock,HSBC,2025-07-28,64.48
Stock,HSBC,2025-07-25,64.92
Stock,HSBC,2025-07-24,64.98
Stock,HSBC,2025-07-23,65.13
Stock,HSBC,2025-07-22,64.06
Stock,HSBC,2025-07-21,63.6
Stock,HSBC,2025-07-18,62.82
Stock,HSBC,2025-07-17,63.25
Stock,HSBC,2025-07-16,62.54
Stock,HSBC,2025-07-15,61.82
Stock,HSBC,2025-07-14,62.51
Stock,HSBC,2025-07-11,61.71
Stock,HSBC,2025-07-10,62.78
Stock,HSBC,2025-07-09,62.07
Stock,HSBC,2025-07-08,61.57
Stock,HSBC,2025-07-07,60.93
Stock,HSBC,2025-07-03,60.67
Stock,HSBC,2025-07-02,60.65
Stock,HSBC,2025-07-01,60.27
Stock,HSBC,2025-06-30,60.79
Stock,HSBC,2025-06-27,60.82
Stock,HSBC,2025-06-26,60.48
Stock,HSBC,2025-06-25,61.09
Stock,HSBC,2025-06-24,60.72
Stock,HSBC,2025-06-23,58.93
Stock,HSBC,2025-06-20,58.43
Stock,HSBC,2025-06-18,59.19
Stock,HSBC,2025-06-17,58.52
Stock,HSBC,2025-06-16,59.6
Stock,HSBC,2025-06-13,59.18
Stock,HSBC,2025-06-12,60.17
Stock,HSBC,2025-06-11,59.42
Stock,HSBC,2025-06-10,59.56
Stock,HSBC,2025-06-09,60.3
Stock,HSBC,2025-06-06,59.99
Stock,HSBC,2025-06-05,59.6
Stock,HSBC,2025-06-04,59.31
Stock,HSBC,2025-06-03,59.36
Stock,HSBC,2025-06-02,59.99
Stock,HSBC,2025-05-30,59.28
Stock,HSBC,2025-05-29,59.2
Stock,HSBC,2025-05-28,58.7
Stock,HSBC,2025-05-27,59.12
Stock,HSBC,2025-05-23,59.24
Stock,HSBC,2025-05-22,59.41
Stock,HSBC,2025-05-21,59.34
Stock,HSBC,2025-05-20,59.99
Stock,HSBC,2025-05-19,59.67
Stock,HSBC,2025-05-16,58.87
Stock,HSBC,2025-05-15,58.81
Stock,HSBC,2025-05-14,58.26
Stock,HSBC,2025-05-13,58.34
Stock,HSBC,2025-05-12,58.24
Stock,HSBC,2025-05-09,56.76
Stock,HSBC,2025-05-08,56.69
Stock,HSBC,2025-05-07,56.28
Stock,HSBC,2025-05-06,56.62
Stock,HSBC,2025-05-05,56.68
Stock,HSBC,2025-05-02,56.51
Stock,MSFT,2025-07-29,512.57
Stock,MSFT,2025-07-28,512.5
Stock,MSFT,2025-07-25,513.71
Stock,MSFT,2025-07-24,510.88
Stock,MSFT,2025-07-23,505.87
Stock,MSFT,2025-07-22,505.27
Stock,MSFT,2025-07-21,510.06
Stock,MSFT,2025-07-18,510.05
Stock,MSFT,2025-07-17,511.7
Stock,MSFT,2025-07-16,505.62
Stock,MSFT,2025-07-15,505.82
Stock,MSFT,2025-07-14,503.02
Stock,MSFT,2025-07-11,503.32
Stock,MSFT,2025-07-10,501.48
Stock,MSFT,2025-07-09,503.51
Stock,MSFT,2025-07-08,496.62
Stock,MSFT,2025-07-07,497.72
Stock,MSFT,2025-07-03,498.84
Stock,MSFT,2025-07-02,491.09
Stock,MSFT,2025-07-01,492.05
Stock,MSFT,2025-06-30,497.41
Stock,MSFT,2025-06-27,495.94
Stock,MSFT,2025-06-26,497.45
Stock,MSFT,2025-06-25,492.27
Stock,MSFT,2025-06-24,490.11
Stock,MSFT,2025-06-23,486.0
Stock,MSFT,2025-06-20,477.4
Stock,MSFT,2025-06-18,480.24
Stock,MSFT,2025-06-17,478.04
Stock,MSFT,2025-06-16,479.14
Stock,MSFT,2025-06-13,474.96
Stock,MSFT,2025-06-12,478.87
Stock,MSFT,2025-06-11,472.62
Stock,MSFT,2025-06-10,470.92
Stock,MSFT,2025-06-09,472.75
Stock,MSFT,2025-06-06,470.38
Stock,MSFT,2025-06-05,467.68
Stock,MSFT,2025-06-04,463.87
Stock,MSFT,2025-06-03,462.97
Stock,MSFT,2025-06-02,461.97
Stock,MSFT,2025-05-30,460.36
Stock,MSFT,2025-05-29,458.68
Stock,MSFT,2025-05-28,457.36
Stock,MSFT,2025-05-27,460.69
Stock,MSFT,2025-05-23,450.18
Stock,MSFT,2025-05-22,454.86
Stock,MSFT,2025-05-21,452.57
Stock,MSFT,2025-05-20,458.17
Stock,MSFT,2025-05-19,458.87
Stock,MSFT,2025-05-16,454.27
Stock,MSFT,2025-05-15,453.13
Stock,MSFT,2025-05-14,452.94
Stock,MSFT,2025-05-13,449.14
Stock,MSFT,2025-05-12,449.26
Stock,MSFT,2025-05-09,438.73
Stock,MSFT,2025-05-08,438.17
Stock,MSFT,2025-05-07,433.35
Stock,MSFT,2025-05-06,433.31
Stock,MSFT,2025-05-05,436.17
Stock,MSFT,2025-05-02,435.28
Stock,NVDA,2025-07-29,175.51
Stock,NVDA,2025-07-28,176.75
Stock,NVDA,2025-07-25,173.5
Stock,NVDA,2025-07-24,173.74
Stock,NVDA,2025-07-23,170.78
Stock,NVDA,2025-07-22,167.03
Stock,NVDA,2025-07-21,171.38
Stock,NVDA,2025-07-18,172.41
Stock,NVDA,2025-07-17,173.0
Stock,NVDA,2025-07-16,171.37
Stock,NVDA,2025-07-15,170.7
Stock,NVDA,2025-07-14,164.07
Stock,NVDA,2025-07-11,164.92
Stock,NVDA,2025-07-10,164.1
Stock,NVDA,2025-07-09,162.88
Stock,NVDA,2025-07-08,160.0
Stock,NVDA,2025-07-07,158.24
Stock,NVDA,2025-07-03,159.34
Stock,NVDA,2025-07-02,157.25
Stock,NVDA,2025-07-01,153.3
Stock,NVDA,2025-06-30,157.99
Stock,NVDA,2025-06-27,157.75
Stock,NVDA,2025-06-26,155.02
Stock,NVDA,2025-06-25,154.31
Stock,NVDA,2025-06-24,147.9
Stock,NVDA,2025-06-23,144.17
Stock,NVDA,2025-06-20,143.85
Stock,NVDA,2025-06-18,145.48
Stock,NVDA,2025-06-17,144.12
Stock,NVDA,2025-06-16,144.69
Stock,NVDA,2025-06-13,141.97
Stock,NVDA,2025-06-12,145.0
Stock,NVDA,2025-06-11,142.83
Stock,NVDA,2025-06-10,143.96
Stock,NVDA,2025-06-09,142.63
Stock,NVDA,2025-06-06,141.72
Stock,NVDA,2025-06-05,139.99
Stock,NVDA,2025-06-04,141.92
Stock,NVDA,2025-06-03,141.22
Stock,NVDA,2025-06-02,137.38
Stock,NVDA,2025-05-30,135.13
Stock,NVDA,2025-05-29,139.19
Stock,NVDA,2025-05-28,134.81
Stock,NVDA,2025-05-27,135.5
Stock,NVDA,2025-05-23,131.29
Stock,NVDA,2025-05-22,132.83
Stock,NVDA,2025-05-21,131.8
Stock,NVDA,2025-05-20,134.38
Stock,NVDA,2025-05-19,135.57
Stock,NVDA,2025-05-16,135.4
Stock,NVDA,2025-05-15,134.83
Stock,NVDA,2025-05-14,135.34
Stock,NVDA,2025-05-13,129.93
Stock,NVDA,2025-05-12,123.0
Stock,NVDA,2025-05-09,116.65
Stock,NVDA,2025-05-08,117.37
Stock,NVDA,2025-05-07,117.06
Stock,NVDA,2025-05-06,113.54
Stock,NVDA,2025-05-05,113.82
Stock,NVDA,2025-05-02,114.5
Stock,TSLA,2025-07-29,321.2
Stock,TSLA,2025-07-28,325.59
Stock,TSLA,2025-07-25,316.06
Stock,TSLA,2025-07-24,305.3
Stock,TSLA,2025-07-23,332.56
Stock,TSLA,2025-07-22,332.11
Stock,TSLA,2025-07-21,328.49
Stock,TSLA,2025-07-18,329.65
Stock,TSLA,2025-07-17,319.41
Stock,TSLA,2025-07-16,321.67
Stock,TSLA,2025-07-15,310.78
Stock,TSLA,2025-07-14,316.9
Stock,TSLA,2025-07-11,313.51
Stock,TSLA,2025-07-10,309.87
Stock,TSLA,2025-07-09,295.88
Stock,TSLA,2025-07-08,297.81
Stock,TSLA,2025-07-07,293.94
Stock,TSLA,2025-07-03,315.35
Stock,TSLA,2025-07-02,315.65
Stock,TSLA,2025-07-01,300.71
Stock,TSLA,2025-06-30,317.66
Stock,TSLA,2025-06-27,323.63
Stock,TSLA,2025-06-26,325.78
Stock,TSLA,2025-06-25,327.55
Stock,TSLA,2025-06-24,340.47
Stock,TSLA,2025-06-23,348.68
Stock,TSLA,2025-06-20,322.16
Stock,TSLA,2025-06-18,322.05
Stock,TSLA,2025-06-17,316.35
Stock,TSLA,2025-06-16,329.13
Stock,TSLA,2025-06-13,325.31
Stock,TSLA,2025-06-12,319.11
Stock,TSLA,2025-06-11,326.43
Stock,TSLA,2025-06-10,326.09
Stock,TSLA,2025-06-09,308.58
Stock,TSLA,2025-06-06,295.14
Stock,TSLA,2025-06-05,284.7
Stock,TSLA,2025-06-04,332.05
Stock,TSLA,2025-06-03,344.27
Stock,TSLA,2025-06-02,342.69
Stock,TSLA,2025-05-30,346.46
Stock,TSLA,2025-05-29,358.43
Stock,TSLA,2025-05-28,356.9
Stock,TSLA,2025-05-27,362.89
Stock,TSLA,2025-05-23,339.34
Stock,TSLA,2025-05-22,341.04
Stock,TSLA,2025-05-21,334.62
Stock,TSLA,2025-05-20,343.82
Stock,TSLA,2025-05-19,342.09
Stock,TSLA,2025-05-16,349.98
Stock,TSLA,2025-05-15,342.82
Stock,TSLA,2025-05-14,347.68
Stock,TSLA,2025-05-13,334.07
Stock,TSLA,2025-05-12,318.38
Stock,TSLA,2025-05-09,298.26
Stock,TSLA,2025-05-08,284.82
Stock,TSLA,2025-05-07,276.22
Stock,TSLA,2025-05-06,275.35
Stock,TSLA,2025-05-05,280.26
Stock,TSLA,2025-05-02,287.21
